method,seed,step,elapsed_sec,mode_coverage,mode_tv,nearest_mode_distance,sliced_wasserstein
WGAN-GP,0,0,0.0,1.0,0.0,0.18718082385618617,0.09257488665008859
WGAN-GP,0,50,0.0559508316218853,1.0,0.0,0.13293805194515074,0.05425852576670363
WGAN-GP,0,100,0.10001095570623875,1.0,0.0,0.1122830376132795,0.04752046370244467
WGAN-GP,0,200,0.18578599579632282,1.0,0.0,0.1293590640568159,0.053768090464021756
WGAN-GP,0,400,0.35509995371103287,1.0,0.0,0.09493334944041695,0.020944227475152455
WGAN-GP,0,800,0.6909865383058786,1.0,0.0,0.13289054878432854,0.029250957987072834
WGAN-GP,0,1000,0.8597983289510012,1.0,0.0,0.1298710083145448,0.011310615437265293
PTGAN-CP,0,0,0.0,1.0,0.0,0.18681473515401,0.12109331925025267
PTGAN-CP,0,50,0.03883454203605652,1.0,0.0,0.10437533528509366,0.0725967571538514
PTGAN-CP,0,100,0.07695225067436695,1.0,0.0,0.09509421536207568,0.05453490439192355
PTGAN-CP,0,200,0.1508984975516796,1.0,0.0,0.13332778889532268,0.020428956285127215
PTGAN-CP,0,400,0.29768153838813305,1.0,0.0,0.13164213881718392,0.01677489089120637
PTGAN-CP,0,800,0.5888417456299067,1.0,0.0,0.1260292388549757,0.007300558441009759
PTGAN-CP,0,1000,0.7360802441835403,1.0,0.0,0.11518495167589142,0.0150367333576745
WGAN-GP,1,0,0.0,1.0,0.0,0.13652780114797566,0.0880516301114809
WGAN-GP,1,50,0.04365420714020729,1.0,0.0,0.0863676053910759,0.04212530758211375
WGAN-GP,1,100,0.08697712421417236,1.0,0.0,0.06572012913917342,0.043441358784947454
WGAN-GP,1,200,0.17204458452761173,1.0,0.0,0.1084974343686705,0.024900736735496316
WGAN-GP,1,400,0.34074562788009644,1.0,0.0,0.114559746739864,0.012665449027102156
WGAN-GP,1,800,0.6778526287525892,1.0,0.0,0.11710701909665662,0.01585098628487073
WGAN-GP,1,1000,0.8465293776243925,1.0,0.0,0.11769120466182471,0.010251187422166005
PTGAN-CP,1,0,0.0,1.0,0.0,0.17855457520859044,0.09633980931412447
PTGAN-CP,1,50,0.03836045600473881,1.0,0.0,0.1214197326532735,0.04106394941300196
PTGAN-CP,1,100,0.07670291513204575,1.0,0.0,0.12391493326026691,0.018382361382653416
PTGAN-CP,1,200,0.1514632049947977,1.0,0.0,0.13016848089800825,0.01662770122240977
PTGAN-CP,1,400,0.29898703657090664,1.0,0.0,0.11061740069838519,0.013429106302665922
PTGAN-CP,1,800,0.5912843700498343,1.0,0.0,0.12972408607263441,0.01748093577783459
PTGAN-CP,1,1000,0.7385748699307442,1.0,0.0,0.12467537799007682,0.013379099355786373
WGAN-GP,2,0,0.0,1.0,0.0,0.08750888669286502,0.0667196584294623
WGAN-GP,2,50,0.04375733062624931,1.0,0.0,0.07475285646763394,0.05097192706392886
WGAN-GP,2,100,0.08713066391646862,1.0,0.0,0.0738329768382489,0.038030300642721074
WGAN-GP,2,200,0.17247007973492146,1.0,0.0,0.14281110278295614,0.04947301257481577
WGAN-GP,2,400,0.3412899561226368,1.0,0.0,0.14099046430417198,0.026907040008613513
WGAN-GP,2,800,0.6784124132245779,1.0,0.0,0.1235973929370643,0.033911664358883
WGAN-GP,2,1000,0.8470404949039221,1.0,0.0,0.13855568967029394,0.02066235898963358
PTGAN-CP,2,0,0.0,1.0,0.0,0.1288018891602114,0.09007784253964712
PTGAN-CP,2,50,0.038223542273044586,1.0,0.0,0.05856235147515289,0.04403785016945132
PTGAN-CP,2,100,0.07609866745769978,1.0,0.0,0.0978519410090733,0.021932350719493763
PTGAN-CP,2,200,0.15026200003921986,1.0,0.0,0.11778652175765868,0.0201220811345256
PTGAN-CP,2,400,0.2966242525726557,1.0,0.0,0.11130179133490324,0.015674678759100946
PTGAN-CP,2,800,0.5871604606509209,1.0,0.0,0.1274408117194561,0.015062791775969834
PTGAN-CP,2,1000,0.7334447111934423,1.0,0.0,0.13502250342743874,0.017358916103123578
WGAN-GP,3,0,0.0,1.0,0.0,0.27144655791283134,0.17419736831246332
WGAN-GP,3,50,0.04319137521088123,1.0,0.0,0.1479092071615107,0.08063653608830583
WGAN-GP,3,100,0.08618900179862976,1.0,0.0,0.11990870980321518,0.06780808431520967
WGAN-GP,3,200,0.17104675248265266,1.0,0.0,0.10067051566487017,0.019605525505757834
WGAN-GP,3,400,0.33989112824201584,1.0,0.0,0.14487044641384306,0.02523438580261098
WGAN-GP,3,800,0.6758985854685307,1.0,0.0,0.11358618429323214,0.018938976264259322
WGAN-GP,3,1000,0.8454945012927055,1.0,0.0,0.12552716932066127,0.02492497260774346
PTGAN-CP,3,0,0.0,1.0,0.0,0.15725358307029874,0.07358549001612744
PTGAN-CP,3,50,0.03830241598188877,1.0,0.0,0.11167472636456406,0.031700113200216616
PTGAN-CP,3,100,0.07633358426392078,1.0,0.0,0.10977311347774975,0.025515725104939123
PTGAN-CP,3,200,0.15139771066606045,1.0,0.0,0.1855728474468333,0.0481390870841345
PTGAN-CP,3,400,0.2985894177109003,1.0,0.0,0.202432856837926,0.05677226063505286
PTGAN-CP,3,800,0.5893017500638962,1.0,0.0,0.12501688096912117,0.013130623013828157
PTGAN-CP,3,1000,0.7358438335359097,1.0,0.0,0.1336019013284519,0.014075099670846782
WGAN-GP,4,0,0.0,1.0,0.0,0.1652341759934231,0.07525354289937036
WGAN-GP,4,50,0.043398041278123856,1.0,0.0,0.14191946301303537,0.07514808444148263
WGAN-GP,4,100,0.08674033172428608,1.0,0.0,0.11411819235701455,0.04299693505949989
WGAN-GP,4,200,0.17199649848043919,1.0,0.0,0.10806791763395361,0.01901434924451339
WGAN-GP,4,400,0.3408980406820774,1.0,0.0,0.14082371419039186,0.02101509669152584
WGAN-GP,4,800,0.6767522487789392,1.0,0.0,0.13270698458795357,0.02835024148587148
WGAN-GP,4,1000,0.8454965408891439,1.0,0.0,0.1225956462155383,0.018551171575801797
PTGAN-CP,4,0,0.0,1.0,0.0,0.10414440924748328,0.06433006420937011
PTGAN-CP,4,50,0.038328416645526886,1.0,0.0,0.1452118772508968,0.0906015241621666
PTGAN-CP,4,100,0.07646345719695091,1.0,0.0,0.09550765425349404,0.05238487043970899
PTGAN-CP,4,200,0.1522522885352373,1.0,0.0,0.16275484491281952,0.02555574500570448
PTGAN-CP,4,400,0.2990340366959572,1.0,0.0,0.12626625608821979,0.010552439749782682
PTGAN-CP,4,800,0.5892712045460939,1.0,0.0,0.12742451280229228,0.010825496030531845
PTGAN-CP,4,1000,0.7352364957332611,1.0,0.0,0.1311508303675793,0.009503089298392208
WGAN-GP,5,0,0.0,1.0,0.0,0.16558229568672067,0.10344190411025354
WGAN-GP,5,50,0.043360207229852676,1.0,0.0,0.08660841418916487,0.04283682678095924
WGAN-GP,5,100,0.08647012524306774,1.0,0.0,0.10479688163923478,0.05340562560214363
WGAN-GP,5,200,0.17122666537761688,1.0,0.0,0.10969865927013334,0.024846610573583835
WGAN-GP,5,400,0.3391677476465702,1.0,0.0,0.14023574474888345,0.023734487164661942
WGAN-GP,5,800,0.6751960813999176,1.0,0.0,0.10010127004094435,0.02886577929278515
WGAN-GP,5,1000,0.8436412904411554,1.0,0.0,0.11982851489533988,0.02271486117376496
PTGAN-CP,5,0,0.0,1.0,0.0,0.10804563544754543,0.06426021657060077
PTGAN-CP,5,50,0.038517626002430916,1.0,0.0,0.13835468991815622,0.07386707578077303
PTGAN-CP,5,100,0.07725350186228752,1.0,0.0,0.14229127107490086,0.040111571273159584
PTGAN-CP,5,200,0.15259196050465107,1.0,0.0,0.1724603384596631,0.03576275166459286
PTGAN-CP,5,400,0.3010214604437351,1.0,0.0,0.10925083326536213,0.015222468231419862
PTGAN-CP,5,800,0.5923810433596373,1.0,0.0,0.12483767595716051,0.010573930594694098
PTGAN-CP,5,1000,0.7397647090256214,1.0,0.0,0.11899776479719984,0.01156650137527037
WGAN-GP,6,0,0.0,1.0,0.0,0.17419292943118653,0.09559087261398687
WGAN-GP,6,50,0.043956415727734566,1.0,0.0,0.14678498102316206,0.08525899134612863
WGAN-GP,6,100,0.08751191571354866,1.0,0.0,0.11303697683952393,0.04017177488441589
WGAN-GP,6,200,0.17289653979241848,1.0,0.0,0.11849603731604626,0.008356419126426392
WGAN-GP,6,400,0.3418264966458082,1.0,0.0,0.10732130349716802,0.01992595648111373
WGAN-GP,6,800,0.6783782038837671,1.0,0.0,0.11515419943919376,0.026413336331490456
WGAN-GP,6,1000,0.8468875791877508,1.0,0.0,0.1523856918676726,0.021571306211233182
PTGAN-CP,6,0,0.0,1.0,0.0,0.13844767521397688,0.08770385408226959
PTGAN-CP,6,50,0.03837312385439873,1.0,0.0,0.2336831573858941,0.14719179775043267
PTGAN-CP,6,100,0.07648970559239388,1.0,0.0,0.10930119812425682,0.03337785622590386
PTGAN-CP,6,200,0.151164248585701,1.0,0.0,0.09847020775473835,0.03411332998507955
PTGAN-CP,6,400,0.2976916655898094,1.0,0.0,0.11568954281108258,0.013792392404270071
PTGAN-CP,6,800,0.5896470416337252,1.0,0.0,0.11959812802380952,0.012038072461817538
PTGAN-CP,6,1000,0.7365936245769262,1.0,0.0,0.11997333190693141,0.015259239485853709
WGAN-GP,7,0,0.0,1.0,0.0,0.378333534434655,0.2369654828722748
WGAN-GP,7,50,0.043649790808558464,1.0,0.0,0.1345790741192282,0.05549035406612626
WGAN-GP,7,100,0.08702608197927475,1.0,0.0,0.18603520516678004,0.10048075033064656
WGAN-GP,7,200,0.17220708169043064,1.0,0.0,0.12451608557300269,0.0381119020618092
WGAN-GP,7,400,0.3410896249115467,1.0,0.0,0.11554352969622046,0.014798229267102904
WGAN-GP,7,800,0.6778082475066185,1.0,0.0,0.1258153248110499,0.011137371514330351
WGAN-GP,7,1000,0.8461850788444281,1.0,0.0,0.12934424692969446,0.02208537726636935
PTGAN-CP,7,0,0.0,1.0,0.0,0.2813895882970909,0.1752941083429823
PTGAN-CP,7,50,0.03838521055877209,1.0,0.0,0.11583050166766816,0.06095720684286649
PTGAN-CP,7,100,0.07647237740457058,1.0,0.0,0.10913525916842008,0.04090542096712196
PTGAN-CP,7,200,0.1511707529425621,1.0,0.0,0.10873353535635102,0.024779476112300438
PTGAN-CP,7,400,0.2977395448833704,1.0,0.0,0.1309887238554319,0.01619777899017232
PTGAN-CP,7,800,0.5885861292481422,1.0,0.0,0.13220379434112164,0.011656731392175308
PTGAN-CP,7,1000,0.7354467138648033,1.0,0.0,0.12275817954715808,0.0187821263881608
WGAN-GP,8,0,0.0,1.0,0.0,0.19431605615166192,0.11806540626346247
WGAN-GP,8,50,0.043500667437911034,1.0,0.0,0.14908806804469185,0.06159422510920098
WGAN-GP,8,100,0.08658125251531601,1.0,0.0,0.27756009457636543,0.15397617071329628
WGAN-GP,8,200,0.17137729562819004,1.0,0.0,0.1809572446239099,0.09084144070849885
WGAN-GP,8,400,0.3400929197669029,1.0,0.0,0.11197404106484632,0.030927426571525536
WGAN-GP,8,800,0.6758336275815964,1.0,0.0,0.1119251853054675,0.015256203033850904
WGAN-GP,8,1000,0.8443474192172289,1.0,0.0,0.1243501609617407,0.013806083219600791
PTGAN-CP,8,0,0.0,1.0,0.0,0.1642856083088147,0.09081051967452257
PTGAN-CP,8,50,0.03830662555992603,1.0,0.0,0.12405989500507326,0.03432948645144041
PTGAN-CP,8,100,0.07652837783098221,1.0,0.0,0.13239294730954435,0.02011534040193707
PTGAN-CP,8,200,0.15101654455065727,1.0,0.0,0.15931468999999254,0.02644725045537607
PTGAN-CP,8,400,0.2973930053412914,1.0,0.0,0.11777875683090841,0.014828793305515158
PTGAN-CP,8,800,0.5872311722487211,1.0,0.0,0.12814862946218564,0.012990551761261869
PTGAN-CP,8,1000,0.7337683402001858,1.0,0.0,0.11652815191598712,0.013640902267113092
WGAN-GP,9,0,0.0,1.0,0.0,0.1422749230967222,0.0787294778340068
WGAN-GP,9,50,0.043497541919350624,1.0,0.0,0.10875009960346556,0.04688364843968419
WGAN-GP,9,100,0.08671337366104126,1.0,0.0,0.12232920530184299,0.03479802450339741
WGAN-GP,9,200,0.17186645790934563,1.0,0.0,0.13712918220383444,0.030612287230277736
WGAN-GP,9,400,0.3409489579498768,1.0,0.0,0.11477508627267426,0.019788233072962385
WGAN-GP,9,800,0.6768239159137011,1.0,0.0,0.11609733437724418,0.014012877351443834
WGAN-GP,9,1000,0.8449540827423334,1.0,0.0,0.14380779408304556,0.02808606760386286
PTGAN-CP,9,0,0.0,1.0,0.0,0.13668541838926182,0.0885599106401035
PTGAN-CP,9,50,0.03821833059191704,1.0,0.0,0.09625357768719563,0.05800617402984629
PTGAN-CP,9,100,0.07623549550771713,1.0,0.0,0.10756140846979145,0.027409273406409123
PTGAN-CP,9,200,0.15090807899832726,1.0,0.0,0.11489493506207837,0.019363088403396695
PTGAN-CP,9,400,0.2973686195909977,1.0,0.0,0.12056674896965681,0.015812635210625856
PTGAN-CP,9,800,0.5877808667719364,1.0,0.0,0.12344473023709272,0.013038430151303505
PTGAN-CP,9,1000,0.7338964510709047,1.0,0.0,0.12569369387689092,0.018727889508080818
